policy_name	kind	status	run_dir	model_zip	vecnorm_pkl	policy_dir	go2_policy_dir_arg	launch_command
20260506-184053_seed100_25pct_env256_final	final	exported	logs/quadruped_domain_rand_mpc_dr_sysid_dyn20_mjlab_10k_LPF/SAC-MPC-sysid_dyn20_mjlab/quadruped-velocity_tracking-SAC-MPC-20260506-184053-percentage-25pct-seed100-env256-drsysid_dyn20_mjlab	logs/quadruped_domain_rand_mpc_dr_sysid_dyn20_mjlab_10k_LPF/SAC-MPC-sysid_dyn20_mjlab/quadruped-velocity_tracking-SAC-MPC-20260506-184053-percentage-25pct-seed100-env256-drsysid_dyn20_mjlab/final_model.zip	logs/quadruped_domain_rand_mpc_dr_sysid_dyn20_mjlab_10k_LPF/SAC-MPC-sysid_dyn20_mjlab/quadruped-velocity_tracking-SAC-MPC-20260506-184053-percentage-25pct-seed100-env256-drsysid_dyn20_mjlab/vec_normalize.pkl	deploy/robots/go2/config/policy/velocity/policies/20260506-184053_seed100_25pct_env256_final	config/policy/velocity/policies/20260506-184053_seed100_25pct_env256_final	./go2_ctrl --network=enp130s0 --policy_dir=config/policy/velocity/policies/20260506-184053_seed100_25pct_env256_final
20260506-184053_seed100_25pct_env256_900k	900k	exported	logs/quadruped_domain_rand_mpc_dr_sysid_dyn20_mjlab_10k_LPF/SAC-MPC-sysid_dyn20_mjlab/quadruped-velocity_tracking-SAC-MPC-20260506-184053-percentage-25pct-seed100-env256-drsysid_dyn20_mjlab	logs/quadruped_domain_rand_mpc_dr_sysid_dyn20_mjlab_10k_LPF/SAC-MPC-sysid_dyn20_mjlab/quadruped-velocity_tracking-SAC-MPC-20260506-184053-percentage-25pct-seed100-env256-drsysid_dyn20_mjlab/checkpoints/model_900000_steps.zip	logs/quadruped_domain_rand_mpc_dr_sysid_dyn20_mjlab_10k_LPF/SAC-MPC-sysid_dyn20_mjlab/quadruped-velocity_tracking-SAC-MPC-20260506-184053-percentage-25pct-seed100-env256-drsysid_dyn20_mjlab/checkpoints/model_vecnormalize_900000_steps.pkl	deploy/robots/go2/config/policy/velocity/policies/20260506-184053_seed100_25pct_env256_900k	config/policy/velocity/policies/20260506-184053_seed100_25pct_env256_900k	./go2_ctrl --network=enp130s0 --policy_dir=config/policy/velocity/policies/20260506-184053_seed100_25pct_env256_900k
20260506-194859_seed200_25pct_env256_final	final	exported	logs/quadruped_domain_rand_mpc_dr_sysid_dyn20_mjlab_10k_LPF/SAC-MPC-sysid_dyn20_mjlab/quadruped-velocity_tracking-SAC-MPC-20260506-194859-percentage-25pct-seed200-env256-drsysid_dyn20_mjlab	logs/quadruped_domain_rand_mpc_dr_sysid_dyn20_mjlab_10k_LPF/SAC-MPC-sysid_dyn20_mjlab/quadruped-velocity_tracking-SAC-MPC-20260506-194859-percentage-25pct-seed200-env256-drsysid_dyn20_mjlab/final_model.zip	logs/quadruped_domain_rand_mpc_dr_sysid_dyn20_mjlab_10k_LPF/SAC-MPC-sysid_dyn20_mjlab/quadruped-velocity_tracking-SAC-MPC-20260506-194859-percentage-25pct-seed200-env256-drsysid_dyn20_mjlab/vec_normalize.pkl	deploy/robots/go2/config/policy/velocity/policies/20260506-194859_seed200_25pct_env256_final	config/policy/velocity/policies/20260506-194859_seed200_25pct_env256_final	./go2_ctrl --network=enp130s0 --policy_dir=config/policy/velocity/policies/20260506-194859_seed200_25pct_env256_final
20260506-194859_seed200_25pct_env256_900k	900k	exported	logs/quadruped_domain_rand_mpc_dr_sysid_dyn20_mjlab_10k_LPF/SAC-MPC-sysid_dyn20_mjlab/quadruped-velocity_tracking-SAC-MPC-20260506-194859-percentage-25pct-seed200-env256-drsysid_dyn20_mjlab	logs/quadruped_domain_rand_mpc_dr_sysid_dyn20_mjlab_10k_LPF/SAC-MPC-sysid_dyn20_mjlab/quadruped-velocity_tracking-SAC-MPC-20260506-194859-percentage-25pct-seed200-env256-drsysid_dyn20_mjlab/checkpoints/model_900000_steps.zip	logs/quadruped_domain_rand_mpc_dr_sysid_dyn20_mjlab_10k_LPF/SAC-MPC-sysid_dyn20_mjlab/quadruped-velocity_tracking-SAC-MPC-20260506-194859-percentage-25pct-seed200-env256-drsysid_dyn20_mjlab/checkpoints/model_vecnormalize_900000_steps.pkl	deploy/robots/go2/config/policy/velocity/policies/20260506-194859_seed200_25pct_env256_900k	config/policy/velocity/policies/20260506-194859_seed200_25pct_env256_900k	./go2_ctrl --network=enp130s0 --policy_dir=config/policy/velocity/policies/20260506-194859_seed200_25pct_env256_900k
20260506-205911_seed300_25pct_env256_final	final	exported	logs/quadruped_domain_rand_mpc_dr_sysid_dyn20_mjlab_10k_LPF/SAC-MPC-sysid_dyn20_mjlab/quadruped-velocity_tracking-SAC-MPC-20260506-205911-percentage-25pct-seed300-env256-drsysid_dyn20_mjlab	logs/quadruped_domain_rand_mpc_dr_sysid_dyn20_mjlab_10k_LPF/SAC-MPC-sysid_dyn20_mjlab/quadruped-velocity_tracking-SAC-MPC-20260506-205911-percentage-25pct-seed300-env256-drsysid_dyn20_mjlab/final_model.zip	logs/quadruped_domain_rand_mpc_dr_sysid_dyn20_mjlab_10k_LPF/SAC-MPC-sysid_dyn20_mjlab/quadruped-velocity_tracking-SAC-MPC-20260506-205911-percentage-25pct-seed300-env256-drsysid_dyn20_mjlab/vec_normalize.pkl	deploy/robots/go2/config/policy/velocity/policies/20260506-205911_seed300_25pct_env256_final	config/policy/velocity/policies/20260506-205911_seed300_25pct_env256_final	./go2_ctrl --network=enp130s0 --policy_dir=config/policy/velocity/policies/20260506-205911_seed300_25pct_env256_final
20260506-205911_seed300_25pct_env256_900k	900k	exported	logs/quadruped_domain_rand_mpc_dr_sysid_dyn20_mjlab_10k_LPF/SAC-MPC-sysid_dyn20_mjlab/quadruped-velocity_tracking-SAC-MPC-20260506-205911-percentage-25pct-seed300-env256-drsysid_dyn20_mjlab	logs/quadruped_domain_rand_mpc_dr_sysid_dyn20_mjlab_10k_LPF/SAC-MPC-sysid_dyn20_mjlab/quadruped-velocity_tracking-SAC-MPC-20260506-205911-percentage-25pct-seed300-env256-drsysid_dyn20_mjlab/checkpoints/model_900000_steps.zip	logs/quadruped_domain_rand_mpc_dr_sysid_dyn20_mjlab_10k_LPF/SAC-MPC-sysid_dyn20_mjlab/quadruped-velocity_tracking-SAC-MPC-20260506-205911-percentage-25pct-seed300-env256-drsysid_dyn20_mjlab/checkpoints/model_vecnormalize_900000_steps.pkl	deploy/robots/go2/config/policy/velocity/policies/20260506-205911_seed300_25pct_env256_900k	config/policy/velocity/policies/20260506-205911_seed300_25pct_env256_900k	./go2_ctrl --network=enp130s0 --policy_dir=config/policy/velocity/policies/20260506-205911_seed300_25pct_env256_900k
20260518-142338_seed210_25pct_env256_final	final	exported	logs/quadruped_domain_rand_mpc_dr_sysid_dyn20_mjlab_10k_LPF/SAC-MPC-sysid_dyn20_mjlab/quadruped-velocity_tracking-SAC-MPC-20260518-142338-percentage-25pct-seed210-env256-drsysid_dyn20_mjlab	logs/quadruped_domain_rand_mpc_dr_sysid_dyn20_mjlab_10k_LPF/SAC-MPC-sysid_dyn20_mjlab/quadruped-velocity_tracking-SAC-MPC-20260518-142338-percentage-25pct-seed210-env256-drsysid_dyn20_mjlab/final_model.zip	logs/quadruped_domain_rand_mpc_dr_sysid_dyn20_mjlab_10k_LPF/SAC-MPC-sysid_dyn20_mjlab/quadruped-velocity_tracking-SAC-MPC-20260518-142338-percentage-25pct-seed210-env256-drsysid_dyn20_mjlab/vec_normalize.pkl	deploy/robots/go2/config/policy/velocity/policies/20260518-142338_seed210_25pct_env256_final	config/policy/velocity/policies/20260518-142338_seed210_25pct_env256_final	./go2_ctrl --network=enp130s0 --policy_dir=config/policy/velocity/policies/20260518-142338_seed210_25pct_env256_final
20260518-142338_seed210_25pct_env256_900k	900k	exported	logs/quadruped_domain_rand_mpc_dr_sysid_dyn20_mjlab_10k_LPF/SAC-MPC-sysid_dyn20_mjlab/quadruped-velocity_tracking-SAC-MPC-20260518-142338-percentage-25pct-seed210-env256-drsysid_dyn20_mjlab	logs/quadruped_domain_rand_mpc_dr_sysid_dyn20_mjlab_10k_LPF/SAC-MPC-sysid_dyn20_mjlab/quadruped-velocity_tracking-SAC-MPC-20260518-142338-percentage-25pct-seed210-env256-drsysid_dyn20_mjlab/checkpoints/model_900000_steps.zip	logs/quadruped_domain_rand_mpc_dr_sysid_dyn20_mjlab_10k_LPF/SAC-MPC-sysid_dyn20_mjlab/quadruped-velocity_tracking-SAC-MPC-20260518-142338-percentage-25pct-seed210-env256-drsysid_dyn20_mjlab/checkpoints/model_vecnormalize_900000_steps.pkl	deploy/robots/go2/config/policy/velocity/policies/20260518-142338_seed210_25pct_env256_900k	config/policy/velocity/policies/20260518-142338_seed210_25pct_env256_900k	./go2_ctrl --network=enp130s0 --policy_dir=config/policy/velocity/policies/20260518-142338_seed210_25pct_env256_900k
20260518-143754_seed100_25pct_env256_final	final	exported	logs/quadruped_domain_rand_mpc_dr_sysid_dyn20_mjlab_10k_LPF/SAC-MPC-sysid_dyn20_mjlab/quadruped-velocity_tracking-SAC-MPC-20260518-143754-percentage-25pct-seed100-env256-drsysid_dyn20_mjlab	logs/quadruped_domain_rand_mpc_dr_sysid_dyn20_mjlab_10k_LPF/SAC-MPC-sysid_dyn20_mjlab/quadruped-velocity_tracking-SAC-MPC-20260518-143754-percentage-25pct-seed100-env256-drsysid_dyn20_mjlab/final_model.zip	logs/quadruped_domain_rand_mpc_dr_sysid_dyn20_mjlab_10k_LPF/SAC-MPC-sysid_dyn20_mjlab/quadruped-velocity_tracking-SAC-MPC-20260518-143754-percentage-25pct-seed100-env256-drsysid_dyn20_mjlab/vec_normalize.pkl	deploy/robots/go2/config/policy/velocity/policies/20260518-143754_seed100_25pct_env256_final	config/policy/velocity/policies/20260518-143754_seed100_25pct_env256_final	./go2_ctrl --network=enp130s0 --policy_dir=config/policy/velocity/policies/20260518-143754_seed100_25pct_env256_final
20260518-143754_seed100_25pct_env256_900k	900k	exported	logs/quadruped_domain_rand_mpc_dr_sysid_dyn20_mjlab_10k_LPF/SAC-MPC-sysid_dyn20_mjlab/quadruped-velocity_tracking-SAC-MPC-20260518-143754-percentage-25pct-seed100-env256-drsysid_dyn20_mjlab	logs/quadruped_domain_rand_mpc_dr_sysid_dyn20_mjlab_10k_LPF/SAC-MPC-sysid_dyn20_mjlab/quadruped-velocity_tracking-SAC-MPC-20260518-143754-percentage-25pct-seed100-env256-drsysid_dyn20_mjlab/checkpoints/model_900000_steps.zip	logs/quadruped_domain_rand_mpc_dr_sysid_dyn20_mjlab_10k_LPF/SAC-MPC-sysid_dyn20_mjlab/quadruped-velocity_tracking-SAC-MPC-20260518-143754-percentage-25pct-seed100-env256-drsysid_dyn20_mjlab/checkpoints/model_vecnormalize_900000_steps.pkl	deploy/robots/go2/config/policy/velocity/policies/20260518-143754_seed100_25pct_env256_900k	config/policy/velocity/policies/20260518-143754_seed100_25pct_env256_900k	./go2_ctrl --network=enp130s0 --policy_dir=config/policy/velocity/policies/20260518-143754_seed100_25pct_env256_900k
20260518-165548_seed220_25pct_env256_final	final	exported	logs/quadruped_domain_rand_mpc_dr_sysid_dyn20_mjlab_10k_LPF/SAC-MPC-sysid_dyn20_mjlab/quadruped-velocity_tracking-SAC-MPC-20260518-165548-percentage-25pct-seed220-env256-drsysid_dyn20_mjlab	logs/quadruped_domain_rand_mpc_dr_sysid_dyn20_mjlab_10k_LPF/SAC-MPC-sysid_dyn20_mjlab/quadruped-velocity_tracking-SAC-MPC-20260518-165548-percentage-25pct-seed220-env256-drsysid_dyn20_mjlab/final_model.zip	logs/quadruped_domain_rand_mpc_dr_sysid_dyn20_mjlab_10k_LPF/SAC-MPC-sysid_dyn20_mjlab/quadruped-velocity_tracking-SAC-MPC-20260518-165548-percentage-25pct-seed220-env256-drsysid_dyn20_mjlab/vec_normalize.pkl	deploy/robots/go2/config/policy/velocity/policies/20260518-165548_seed220_25pct_env256_final	config/policy/velocity/policies/20260518-165548_seed220_25pct_env256_final	./go2_ctrl --network=enp130s0 --policy_dir=config/policy/velocity/policies/20260518-165548_seed220_25pct_env256_final
20260518-165548_seed220_25pct_env256_900k	900k	exported	logs/quadruped_domain_rand_mpc_dr_sysid_dyn20_mjlab_10k_LPF/SAC-MPC-sysid_dyn20_mjlab/quadruped-velocity_tracking-SAC-MPC-20260518-165548-percentage-25pct-seed220-env256-drsysid_dyn20_mjlab	logs/quadruped_domain_rand_mpc_dr_sysid_dyn20_mjlab_10k_LPF/SAC-MPC-sysid_dyn20_mjlab/quadruped-velocity_tracking-SAC-MPC-20260518-165548-percentage-25pct-seed220-env256-drsysid_dyn20_mjlab/checkpoints/model_900000_steps.zip	logs/quadruped_domain_rand_mpc_dr_sysid_dyn20_mjlab_10k_LPF/SAC-MPC-sysid_dyn20_mjlab/quadruped-velocity_tracking-SAC-MPC-20260518-165548-percentage-25pct-seed220-env256-drsysid_dyn20_mjlab/checkpoints/model_vecnormalize_900000_steps.pkl	deploy/robots/go2/config/policy/velocity/policies/20260518-165548_seed220_25pct_env256_900k	config/policy/velocity/policies/20260518-165548_seed220_25pct_env256_900k	./go2_ctrl --network=enp130s0 --policy_dir=config/policy/velocity/policies/20260518-165548_seed220_25pct_env256_900k
20260518-171514_seed101_25pct_env256_final	final	exported	logs/quadruped_domain_rand_mpc_dr_sysid_dyn20_mjlab_10k_LPF/SAC-MPC-sysid_dyn20_mjlab/quadruped-velocity_tracking-SAC-MPC-20260518-171514-percentage-25pct-seed101-env256-drsysid_dyn20_mjlab	logs/quadruped_domain_rand_mpc_dr_sysid_dyn20_mjlab_10k_LPF/SAC-MPC-sysid_dyn20_mjlab/quadruped-velocity_tracking-SAC-MPC-20260518-171514-percentage-25pct-seed101-env256-drsysid_dyn20_mjlab/final_model.zip	logs/quadruped_domain_rand_mpc_dr_sysid_dyn20_mjlab_10k_LPF/SAC-MPC-sysid_dyn20_mjlab/quadruped-velocity_tracking-SAC-MPC-20260518-171514-percentage-25pct-seed101-env256-drsysid_dyn20_mjlab/vec_normalize.pkl	deploy/robots/go2/config/policy/velocity/policies/20260518-171514_seed101_25pct_env256_final	config/policy/velocity/policies/20260518-171514_seed101_25pct_env256_final	./go2_ctrl --network=enp130s0 --policy_dir=config/policy/velocity/policies/20260518-171514_seed101_25pct_env256_final
20260518-171514_seed101_25pct_env256_900k	900k	exported	logs/quadruped_domain_rand_mpc_dr_sysid_dyn20_mjlab_10k_LPF/SAC-MPC-sysid_dyn20_mjlab/quadruped-velocity_tracking-SAC-MPC-20260518-171514-percentage-25pct-seed101-env256-drsysid_dyn20_mjlab	logs/quadruped_domain_rand_mpc_dr_sysid_dyn20_mjlab_10k_LPF/SAC-MPC-sysid_dyn20_mjlab/quadruped-velocity_tracking-SAC-MPC-20260518-171514-percentage-25pct-seed101-env256-drsysid_dyn20_mjlab/checkpoints/model_900000_steps.zip	logs/quadruped_domain_rand_mpc_dr_sysid_dyn20_mjlab_10k_LPF/SAC-MPC-sysid_dyn20_mjlab/quadruped-velocity_tracking-SAC-MPC-20260518-171514-percentage-25pct-seed101-env256-drsysid_dyn20_mjlab/checkpoints/model_vecnormalize_900000_steps.pkl	deploy/robots/go2/config/policy/velocity/policies/20260518-171514_seed101_25pct_env256_900k	config/policy/velocity/policies/20260518-171514_seed101_25pct_env256_900k	./go2_ctrl --network=enp130s0 --policy_dir=config/policy/velocity/policies/20260518-171514_seed101_25pct_env256_900k
20260518-193138_seed230_25pct_env256_final	final	exported	logs/quadruped_domain_rand_mpc_dr_sysid_dyn20_mjlab_10k_LPF/SAC-MPC-sysid_dyn20_mjlab/quadruped-velocity_tracking-SAC-MPC-20260518-193138-percentage-25pct-seed230-env256-drsysid_dyn20_mjlab	logs/quadruped_domain_rand_mpc_dr_sysid_dyn20_mjlab_10k_LPF/SAC-MPC-sysid_dyn20_mjlab/quadruped-velocity_tracking-SAC-MPC-20260518-193138-percentage-25pct-seed230-env256-drsysid_dyn20_mjlab/final_model.zip	logs/quadruped_domain_rand_mpc_dr_sysid_dyn20_mjlab_10k_LPF/SAC-MPC-sysid_dyn20_mjlab/quadruped-velocity_tracking-SAC-MPC-20260518-193138-percentage-25pct-seed230-env256-drsysid_dyn20_mjlab/vec_normalize.pkl	deploy/robots/go2/config/policy/velocity/policies/20260518-193138_seed230_25pct_env256_final	config/policy/velocity/policies/20260518-193138_seed230_25pct_env256_final	./go2_ctrl --network=enp130s0 --policy_dir=config/policy/velocity/policies/20260518-193138_seed230_25pct_env256_final
20260518-193138_seed230_25pct_env256_900k	900k	exported	logs/quadruped_domain_rand_mpc_dr_sysid_dyn20_mjlab_10k_LPF/SAC-MPC-sysid_dyn20_mjlab/quadruped-velocity_tracking-SAC-MPC-20260518-193138-percentage-25pct-seed230-env256-drsysid_dyn20_mjlab	logs/quadruped_domain_rand_mpc_dr_sysid_dyn20_mjlab_10k_LPF/SAC-MPC-sysid_dyn20_mjlab/quadruped-velocity_tracking-SAC-MPC-20260518-193138-percentage-25pct-seed230-env256-drsysid_dyn20_mjlab/checkpoints/model_900000_steps.zip	logs/quadruped_domain_rand_mpc_dr_sysid_dyn20_mjlab_10k_LPF/SAC-MPC-sysid_dyn20_mjlab/quadruped-velocity_tracking-SAC-MPC-20260518-193138-percentage-25pct-seed230-env256-drsysid_dyn20_mjlab/checkpoints/model_vecnormalize_900000_steps.pkl	deploy/robots/go2/config/policy/velocity/policies/20260518-193138_seed230_25pct_env256_900k	config/policy/velocity/policies/20260518-193138_seed230_25pct_env256_900k	./go2_ctrl --network=enp130s0 --policy_dir=config/policy/velocity/policies/20260518-193138_seed230_25pct_env256_900k
20260518-195108_seed301_25pct_env256_final	final	exported	logs/quadruped_domain_rand_mpc_dr_sysid_dyn20_mjlab_10k_LPF/SAC-MPC-sysid_dyn20_mjlab/quadruped-velocity_tracking-SAC-MPC-20260518-195108-percentage-25pct-seed301-env256-drsysid_dyn20_mjlab	logs/quadruped_domain_rand_mpc_dr_sysid_dyn20_mjlab_10k_LPF/SAC-MPC-sysid_dyn20_mjlab/quadruped-velocity_tracking-SAC-MPC-20260518-195108-percentage-25pct-seed301-env256-drsysid_dyn20_mjlab/final_model.zip	logs/quadruped_domain_rand_mpc_dr_sysid_dyn20_mjlab_10k_LPF/SAC-MPC-sysid_dyn20_mjlab/quadruped-velocity_tracking-SAC-MPC-20260518-195108-percentage-25pct-seed301-env256-drsysid_dyn20_mjlab/vec_normalize.pkl	deploy/robots/go2/config/policy/velocity/policies/20260518-195108_seed301_25pct_env256_final	config/policy/velocity/policies/20260518-195108_seed301_25pct_env256_final	./go2_ctrl --network=enp130s0 --policy_dir=config/policy/velocity/policies/20260518-195108_seed301_25pct_env256_final
20260518-195108_seed301_25pct_env256_900k	900k	exported	logs/quadruped_domain_rand_mpc_dr_sysid_dyn20_mjlab_10k_LPF/SAC-MPC-sysid_dyn20_mjlab/quadruped-velocity_tracking-SAC-MPC-20260518-195108-percentage-25pct-seed301-env256-drsysid_dyn20_mjlab	logs/quadruped_domain_rand_mpc_dr_sysid_dyn20_mjlab_10k_LPF/SAC-MPC-sysid_dyn20_mjlab/quadruped-velocity_tracking-SAC-MPC-20260518-195108-percentage-25pct-seed301-env256-drsysid_dyn20_mjlab/checkpoints/model_900000_steps.zip	logs/quadruped_domain_rand_mpc_dr_sysid_dyn20_mjlab_10k_LPF/SAC-MPC-sysid_dyn20_mjlab/quadruped-velocity_tracking-SAC-MPC-20260518-195108-percentage-25pct-seed301-env256-drsysid_dyn20_mjlab/checkpoints/model_vecnormalize_900000_steps.pkl	deploy/robots/go2/config/policy/velocity/policies/20260518-195108_seed301_25pct_env256_900k	config/policy/velocity/policies/20260518-195108_seed301_25pct_env256_900k	./go2_ctrl --network=enp130s0 --policy_dir=config/policy/velocity/policies/20260518-195108_seed301_25pct_env256_900k
20260518-220647_seed240_25pct_env256_final	final	exported	logs/quadruped_domain_rand_mpc_dr_sysid_dyn20_mjlab_10k_LPF/SAC-MPC-sysid_dyn20_mjlab/quadruped-velocity_tracking-SAC-MPC-20260518-220647-percentage-25pct-seed240-env256-drsysid_dyn20_mjlab	logs/quadruped_domain_rand_mpc_dr_sysid_dyn20_mjlab_10k_LPF/SAC-MPC-sysid_dyn20_mjlab/quadruped-velocity_tracking-SAC-MPC-20260518-220647-percentage-25pct-seed240-env256-drsysid_dyn20_mjlab/final_model.zip	logs/quadruped_domain_rand_mpc_dr_sysid_dyn20_mjlab_10k_LPF/SAC-MPC-sysid_dyn20_mjlab/quadruped-velocity_tracking-SAC-MPC-20260518-220647-percentage-25pct-seed240-env256-drsysid_dyn20_mjlab/vec_normalize.pkl	deploy/robots/go2/config/policy/velocity/policies/20260518-220647_seed240_25pct_env256_final	config/policy/velocity/policies/20260518-220647_seed240_25pct_env256_final	./go2_ctrl --network=enp130s0 --policy_dir=config/policy/velocity/policies/20260518-220647_seed240_25pct_env256_final
20260518-220647_seed240_25pct_env256_900k	900k	exported	logs/quadruped_domain_rand_mpc_dr_sysid_dyn20_mjlab_10k_LPF/SAC-MPC-sysid_dyn20_mjlab/quadruped-velocity_tracking-SAC-MPC-20260518-220647-percentage-25pct-seed240-env256-drsysid_dyn20_mjlab	logs/quadruped_domain_rand_mpc_dr_sysid_dyn20_mjlab_10k_LPF/SAC-MPC-sysid_dyn20_mjlab/quadruped-velocity_tracking-SAC-MPC-20260518-220647-percentage-25pct-seed240-env256-drsysid_dyn20_mjlab/checkpoints/model_900000_steps.zip	logs/quadruped_domain_rand_mpc_dr_sysid_dyn20_mjlab_10k_LPF/SAC-MPC-sysid_dyn20_mjlab/quadruped-velocity_tracking-SAC-MPC-20260518-220647-percentage-25pct-seed240-env256-drsysid_dyn20_mjlab/checkpoints/model_vecnormalize_900000_steps.pkl	deploy/robots/go2/config/policy/velocity/policies/20260518-220647_seed240_25pct_env256_900k	config/policy/velocity/policies/20260518-220647_seed240_25pct_env256_900k	./go2_ctrl --network=enp130s0 --policy_dir=config/policy/velocity/policies/20260518-220647_seed240_25pct_env256_900k
20260518-222649_seed401_25pct_env256_final	final	exported	logs/quadruped_domain_rand_mpc_dr_sysid_dyn20_mjlab_10k_LPF/SAC-MPC-sysid_dyn20_mjlab/quadruped-velocity_tracking-SAC-MPC-20260518-222649-percentage-25pct-seed401-env256-drsysid_dyn20_mjlab	logs/quadruped_domain_rand_mpc_dr_sysid_dyn20_mjlab_10k_LPF/SAC-MPC-sysid_dyn20_mjlab/quadruped-velocity_tracking-SAC-MPC-20260518-222649-percentage-25pct-seed401-env256-drsysid_dyn20_mjlab/final_model.zip	logs/quadruped_domain_rand_mpc_dr_sysid_dyn20_mjlab_10k_LPF/SAC-MPC-sysid_dyn20_mjlab/quadruped-velocity_tracking-SAC-MPC-20260518-222649-percentage-25pct-seed401-env256-drsysid_dyn20_mjlab/vec_normalize.pkl	deploy/robots/go2/config/policy/velocity/policies/20260518-222649_seed401_25pct_env256_final	config/policy/velocity/policies/20260518-222649_seed401_25pct_env256_final	./go2_ctrl --network=enp130s0 --policy_dir=config/policy/velocity/policies/20260518-222649_seed401_25pct_env256_final
20260518-222649_seed401_25pct_env256_900k	900k	exported	logs/quadruped_domain_rand_mpc_dr_sysid_dyn20_mjlab_10k_LPF/SAC-MPC-sysid_dyn20_mjlab/quadruped-velocity_tracking-SAC-MPC-20260518-222649-percentage-25pct-seed401-env256-drsysid_dyn20_mjlab	logs/quadruped_domain_rand_mpc_dr_sysid_dyn20_mjlab_10k_LPF/SAC-MPC-sysid_dyn20_mjlab/quadruped-velocity_tracking-SAC-MPC-20260518-222649-percentage-25pct-seed401-env256-drsysid_dyn20_mjlab/checkpoints/model_900000_steps.zip	logs/quadruped_domain_rand_mpc_dr_sysid_dyn20_mjlab_10k_LPF/SAC-MPC-sysid_dyn20_mjlab/quadruped-velocity_tracking-SAC-MPC-20260518-222649-percentage-25pct-seed401-env256-drsysid_dyn20_mjlab/checkpoints/model_vecnormalize_900000_steps.pkl	deploy/robots/go2/config/policy/velocity/policies/20260518-222649_seed401_25pct_env256_900k	config/policy/velocity/policies/20260518-222649_seed401_25pct_env256_900k	./go2_ctrl --network=enp130s0 --policy_dir=config/policy/velocity/policies/20260518-222649_seed401_25pct_env256_900k
20260519-004228_seed250_25pct_env256_final	final	exported	logs/quadruped_domain_rand_mpc_dr_sysid_dyn20_mjlab_10k_LPF/SAC-MPC-sysid_dyn20_mjlab/quadruped-velocity_tracking-SAC-MPC-20260519-004228-percentage-25pct-seed250-env256-drsysid_dyn20_mjlab	logs/quadruped_domain_rand_mpc_dr_sysid_dyn20_mjlab_10k_LPF/SAC-MPC-sysid_dyn20_mjlab/quadruped-velocity_tracking-SAC-MPC-20260519-004228-percentage-25pct-seed250-env256-drsysid_dyn20_mjlab/final_model.zip	logs/quadruped_domain_rand_mpc_dr_sysid_dyn20_mjlab_10k_LPF/SAC-MPC-sysid_dyn20_mjlab/quadruped-velocity_tracking-SAC-MPC-20260519-004228-percentage-25pct-seed250-env256-drsysid_dyn20_mjlab/vec_normalize.pkl	deploy/robots/go2/config/policy/velocity/policies/20260519-004228_seed250_25pct_env256_final	config/policy/velocity/policies/20260519-004228_seed250_25pct_env256_final	./go2_ctrl --network=enp130s0 --policy_dir=config/policy/velocity/policies/20260519-004228_seed250_25pct_env256_final
20260519-004228_seed250_25pct_env256_900k	900k	exported	logs/quadruped_domain_rand_mpc_dr_sysid_dyn20_mjlab_10k_LPF/SAC-MPC-sysid_dyn20_mjlab/quadruped-velocity_tracking-SAC-MPC-20260519-004228-percentage-25pct-seed250-env256-drsysid_dyn20_mjlab	logs/quadruped_domain_rand_mpc_dr_sysid_dyn20_mjlab_10k_LPF/SAC-MPC-sysid_dyn20_mjlab/quadruped-velocity_tracking-SAC-MPC-20260519-004228-percentage-25pct-seed250-env256-drsysid_dyn20_mjlab/checkpoints/model_900000_steps.zip	logs/quadruped_domain_rand_mpc_dr_sysid_dyn20_mjlab_10k_LPF/SAC-MPC-sysid_dyn20_mjlab/quadruped-velocity_tracking-SAC-MPC-20260519-004228-percentage-25pct-seed250-env256-drsysid_dyn20_mjlab/checkpoints/model_vecnormalize_900000_steps.pkl	deploy/robots/go2/config/policy/velocity/policies/20260519-004228_seed250_25pct_env256_900k	config/policy/velocity/policies/20260519-004228_seed250_25pct_env256_900k	./go2_ctrl --network=enp130s0 --policy_dir=config/policy/velocity/policies/20260519-004228_seed250_25pct_env256_900k
20260519-010239_seed501_25pct_env256_final	final	exported	logs/quadruped_domain_rand_mpc_dr_sysid_dyn20_mjlab_10k_LPF/SAC-MPC-sysid_dyn20_mjlab/quadruped-velocity_tracking-SAC-MPC-20260519-010239-percentage-25pct-seed501-env256-drsysid_dyn20_mjlab	logs/quadruped_domain_rand_mpc_dr_sysid_dyn20_mjlab_10k_LPF/SAC-MPC-sysid_dyn20_mjlab/quadruped-velocity_tracking-SAC-MPC-20260519-010239-percentage-25pct-seed501-env256-drsysid_dyn20_mjlab/final_model.zip	logs/quadruped_domain_rand_mpc_dr_sysid_dyn20_mjlab_10k_LPF/SAC-MPC-sysid_dyn20_mjlab/quadruped-velocity_tracking-SAC-MPC-20260519-010239-percentage-25pct-seed501-env256-drsysid_dyn20_mjlab/vec_normalize.pkl	deploy/robots/go2/config/policy/velocity/policies/20260519-010239_seed501_25pct_env256_final	config/policy/velocity/policies/20260519-010239_seed501_25pct_env256_final	./go2_ctrl --network=enp130s0 --policy_dir=config/policy/velocity/policies/20260519-010239_seed501_25pct_env256_final
20260519-010239_seed501_25pct_env256_900k	900k	exported	logs/quadruped_domain_rand_mpc_dr_sysid_dyn20_mjlab_10k_LPF/SAC-MPC-sysid_dyn20_mjlab/quadruped-velocity_tracking-SAC-MPC-20260519-010239-percentage-25pct-seed501-env256-drsysid_dyn20_mjlab	logs/quadruped_domain_rand_mpc_dr_sysid_dyn20_mjlab_10k_LPF/SAC-MPC-sysid_dyn20_mjlab/quadruped-velocity_tracking-SAC-MPC-20260519-010239-percentage-25pct-seed501-env256-drsysid_dyn20_mjlab/checkpoints/model_900000_steps.zip	logs/quadruped_domain_rand_mpc_dr_sysid_dyn20_mjlab_10k_LPF/SAC-MPC-sysid_dyn20_mjlab/quadruped-velocity_tracking-SAC-MPC-20260519-010239-percentage-25pct-seed501-env256-drsysid_dyn20_mjlab/checkpoints/model_vecnormalize_900000_steps.pkl	deploy/robots/go2/config/policy/velocity/policies/20260519-010239_seed501_25pct_env256_900k	config/policy/velocity/policies/20260519-010239_seed501_25pct_env256_900k	./go2_ctrl --network=enp130s0 --policy_dir=config/policy/velocity/policies/20260519-010239_seed501_25pct_env256_900k
20260519-031424_seed260_25pct_env256_final	final	exported	logs/quadruped_domain_rand_mpc_dr_sysid_dyn20_mjlab_10k_LPF/SAC-MPC-sysid_dyn20_mjlab/quadruped-velocity_tracking-SAC-MPC-20260519-031424-percentage-25pct-seed260-env256-drsysid_dyn20_mjlab	logs/quadruped_domain_rand_mpc_dr_sysid_dyn20_mjlab_10k_LPF/SAC-MPC-sysid_dyn20_mjlab/quadruped-velocity_tracking-SAC-MPC-20260519-031424-percentage-25pct-seed260-env256-drsysid_dyn20_mjlab/final_model.zip	logs/quadruped_domain_rand_mpc_dr_sysid_dyn20_mjlab_10k_LPF/SAC-MPC-sysid_dyn20_mjlab/quadruped-velocity_tracking-SAC-MPC-20260519-031424-percentage-25pct-seed260-env256-drsysid_dyn20_mjlab/vec_normalize.pkl	deploy/robots/go2/config/policy/velocity/policies/20260519-031424_seed260_25pct_env256_final	config/policy/velocity/policies/20260519-031424_seed260_25pct_env256_final	./go2_ctrl --network=enp130s0 --policy_dir=config/policy/velocity/policies/20260519-031424_seed260_25pct_env256_final
20260519-031424_seed260_25pct_env256_900k	900k	exported	logs/quadruped_domain_rand_mpc_dr_sysid_dyn20_mjlab_10k_LPF/SAC-MPC-sysid_dyn20_mjlab/quadruped-velocity_tracking-SAC-MPC-20260519-031424-percentage-25pct-seed260-env256-drsysid_dyn20_mjlab	logs/quadruped_domain_rand_mpc_dr_sysid_dyn20_mjlab_10k_LPF/SAC-MPC-sysid_dyn20_mjlab/quadruped-velocity_tracking-SAC-MPC-20260519-031424-percentage-25pct-seed260-env256-drsysid_dyn20_mjlab/checkpoints/model_900000_steps.zip	logs/quadruped_domain_rand_mpc_dr_sysid_dyn20_mjlab_10k_LPF/SAC-MPC-sysid_dyn20_mjlab/quadruped-velocity_tracking-SAC-MPC-20260519-031424-percentage-25pct-seed260-env256-drsysid_dyn20_mjlab/checkpoints/model_vecnormalize_900000_steps.pkl	deploy/robots/go2/config/policy/velocity/policies/20260519-031424_seed260_25pct_env256_900k	config/policy/velocity/policies/20260519-031424_seed260_25pct_env256_900k	./go2_ctrl --network=enp130s0 --policy_dir=config/policy/velocity/policies/20260519-031424_seed260_25pct_env256_900k
20260519-033220_seed601_25pct_env256_final	final	exported	logs/quadruped_domain_rand_mpc_dr_sysid_dyn20_mjlab_10k_LPF/SAC-MPC-sysid_dyn20_mjlab/quadruped-velocity_tracking-SAC-MPC-20260519-033220-percentage-25pct-seed601-env256-drsysid_dyn20_mjlab	logs/quadruped_domain_rand_mpc_dr_sysid_dyn20_mjlab_10k_LPF/SAC-MPC-sysid_dyn20_mjlab/quadruped-velocity_tracking-SAC-MPC-20260519-033220-percentage-25pct-seed601-env256-drsysid_dyn20_mjlab/final_model.zip	logs/quadruped_domain_rand_mpc_dr_sysid_dyn20_mjlab_10k_LPF/SAC-MPC-sysid_dyn20_mjlab/quadruped-velocity_tracking-SAC-MPC-20260519-033220-percentage-25pct-seed601-env256-drsysid_dyn20_mjlab/vec_normalize.pkl	deploy/robots/go2/config/policy/velocity/policies/20260519-033220_seed601_25pct_env256_final	config/policy/velocity/policies/20260519-033220_seed601_25pct_env256_final	./go2_ctrl --network=enp130s0 --policy_dir=config/policy/velocity/policies/20260519-033220_seed601_25pct_env256_final
20260519-033220_seed601_25pct_env256_900k	900k	exported	logs/quadruped_domain_rand_mpc_dr_sysid_dyn20_mjlab_10k_LPF/SAC-MPC-sysid_dyn20_mjlab/quadruped-velocity_tracking-SAC-MPC-20260519-033220-percentage-25pct-seed601-env256-drsysid_dyn20_mjlab	logs/quadruped_domain_rand_mpc_dr_sysid_dyn20_mjlab_10k_LPF/SAC-MPC-sysid_dyn20_mjlab/quadruped-velocity_tracking-SAC-MPC-20260519-033220-percentage-25pct-seed601-env256-drsysid_dyn20_mjlab/checkpoints/model_900000_steps.zip	logs/quadruped_domain_rand_mpc_dr_sysid_dyn20_mjlab_10k_LPF/SAC-MPC-sysid_dyn20_mjlab/quadruped-velocity_tracking-SAC-MPC-20260519-033220-percentage-25pct-seed601-env256-drsysid_dyn20_mjlab/checkpoints/model_vecnormalize_900000_steps.pkl	deploy/robots/go2/config/policy/velocity/policies/20260519-033220_seed601_25pct_env256_900k	config/policy/velocity/policies/20260519-033220_seed601_25pct_env256_900k	./go2_ctrl --network=enp130s0 --policy_dir=config/policy/velocity/policies/20260519-033220_seed601_25pct_env256_900k
20260519-055010_seed270_25pct_env256_final	final	exported	logs/quadruped_domain_rand_mpc_dr_sysid_dyn20_mjlab_10k_LPF/SAC-MPC-sysid_dyn20_mjlab/quadruped-velocity_tracking-SAC-MPC-20260519-055010-percentage-25pct-seed270-env256-drsysid_dyn20_mjlab	logs/quadruped_domain_rand_mpc_dr_sysid_dyn20_mjlab_10k_LPF/SAC-MPC-sysid_dyn20_mjlab/quadruped-velocity_tracking-SAC-MPC-20260519-055010-percentage-25pct-seed270-env256-drsysid_dyn20_mjlab/final_model.zip	logs/quadruped_domain_rand_mpc_dr_sysid_dyn20_mjlab_10k_LPF/SAC-MPC-sysid_dyn20_mjlab/quadruped-velocity_tracking-SAC-MPC-20260519-055010-percentage-25pct-seed270-env256-drsysid_dyn20_mjlab/vec_normalize.pkl	deploy/robots/go2/config/policy/velocity/policies/20260519-055010_seed270_25pct_env256_final	config/policy/velocity/policies/20260519-055010_seed270_25pct_env256_final	./go2_ctrl --network=enp130s0 --policy_dir=config/policy/velocity/policies/20260519-055010_seed270_25pct_env256_final
20260519-055010_seed270_25pct_env256_900k	900k	exported	logs/quadruped_domain_rand_mpc_dr_sysid_dyn20_mjlab_10k_LPF/SAC-MPC-sysid_dyn20_mjlab/quadruped-velocity_tracking-SAC-MPC-20260519-055010-percentage-25pct-seed270-env256-drsysid_dyn20_mjlab	logs/quadruped_domain_rand_mpc_dr_sysid_dyn20_mjlab_10k_LPF/SAC-MPC-sysid_dyn20_mjlab/quadruped-velocity_tracking-SAC-MPC-20260519-055010-percentage-25pct-seed270-env256-drsysid_dyn20_mjlab/checkpoints/model_900000_steps.zip	logs/quadruped_domain_rand_mpc_dr_sysid_dyn20_mjlab_10k_LPF/SAC-MPC-sysid_dyn20_mjlab/quadruped-velocity_tracking-SAC-MPC-20260519-055010-percentage-25pct-seed270-env256-drsysid_dyn20_mjlab/checkpoints/model_vecnormalize_900000_steps.pkl	deploy/robots/go2/config/policy/velocity/policies/20260519-055010_seed270_25pct_env256_900k	config/policy/velocity/policies/20260519-055010_seed270_25pct_env256_900k	./go2_ctrl --network=enp130s0 --policy_dir=config/policy/velocity/policies/20260519-055010_seed270_25pct_env256_900k
20260519-060741_seed700_25pct_env256_final	final	exported	logs/quadruped_domain_rand_mpc_dr_sysid_dyn20_mjlab_10k_LPF/SAC-MPC-sysid_dyn20_mjlab/quadruped-velocity_tracking-SAC-MPC-20260519-060741-percentage-25pct-seed700-env256-drsysid_dyn20_mjlab	logs/quadruped_domain_rand_mpc_dr_sysid_dyn20_mjlab_10k_LPF/SAC-MPC-sysid_dyn20_mjlab/quadruped-velocity_tracking-SAC-MPC-20260519-060741-percentage-25pct-seed700-env256-drsysid_dyn20_mjlab/final_model.zip	logs/quadruped_domain_rand_mpc_dr_sysid_dyn20_mjlab_10k_LPF/SAC-MPC-sysid_dyn20_mjlab/quadruped-velocity_tracking-SAC-MPC-20260519-060741-percentage-25pct-seed700-env256-drsysid_dyn20_mjlab/vec_normalize.pkl	deploy/robots/go2/config/policy/velocity/policies/20260519-060741_seed700_25pct_env256_final	config/policy/velocity/policies/20260519-060741_seed700_25pct_env256_final	./go2_ctrl --network=enp130s0 --policy_dir=config/policy/velocity/policies/20260519-060741_seed700_25pct_env256_final
20260519-060741_seed700_25pct_env256_900k	900k	exported	logs/quadruped_domain_rand_mpc_dr_sysid_dyn20_mjlab_10k_LPF/SAC-MPC-sysid_dyn20_mjlab/quadruped-velocity_tracking-SAC-MPC-20260519-060741-percentage-25pct-seed700-env256-drsysid_dyn20_mjlab	logs/quadruped_domain_rand_mpc_dr_sysid_dyn20_mjlab_10k_LPF/SAC-MPC-sysid_dyn20_mjlab/quadruped-velocity_tracking-SAC-MPC-20260519-060741-percentage-25pct-seed700-env256-drsysid_dyn20_mjlab/checkpoints/model_900000_steps.zip	logs/quadruped_domain_rand_mpc_dr_sysid_dyn20_mjlab_10k_LPF/SAC-MPC-sysid_dyn20_mjlab/quadruped-velocity_tracking-SAC-MPC-20260519-060741-percentage-25pct-seed700-env256-drsysid_dyn20_mjlab/checkpoints/model_vecnormalize_900000_steps.pkl	deploy/robots/go2/config/policy/velocity/policies/20260519-060741_seed700_25pct_env256_900k	config/policy/velocity/policies/20260519-060741_seed700_25pct_env256_900k	./go2_ctrl --network=enp130s0 --policy_dir=config/policy/velocity/policies/20260519-060741_seed700_25pct_env256_900k
20260519-082448_seed280_25pct_env256_final	final	exported	logs/quadruped_domain_rand_mpc_dr_sysid_dyn20_mjlab_10k_LPF/SAC-MPC-sysid_dyn20_mjlab/quadruped-velocity_tracking-SAC-MPC-20260519-082448-percentage-25pct-seed280-env256-drsysid_dyn20_mjlab	logs/quadruped_domain_rand_mpc_dr_sysid_dyn20_mjlab_10k_LPF/SAC-MPC-sysid_dyn20_mjlab/quadruped-velocity_tracking-SAC-MPC-20260519-082448-percentage-25pct-seed280-env256-drsysid_dyn20_mjlab/final_model.zip	logs/quadruped_domain_rand_mpc_dr_sysid_dyn20_mjlab_10k_LPF/SAC-MPC-sysid_dyn20_mjlab/quadruped-velocity_tracking-SAC-MPC-20260519-082448-percentage-25pct-seed280-env256-drsysid_dyn20_mjlab/vec_normalize.pkl	deploy/robots/go2/config/policy/velocity/policies/20260519-082448_seed280_25pct_env256_final	config/policy/velocity/policies/20260519-082448_seed280_25pct_env256_final	./go2_ctrl --network=enp130s0 --policy_dir=config/policy/velocity/policies/20260519-082448_seed280_25pct_env256_final
20260519-082448_seed280_25pct_env256_900k	900k	exported	logs/quadruped_domain_rand_mpc_dr_sysid_dyn20_mjlab_10k_LPF/SAC-MPC-sysid_dyn20_mjlab/quadruped-velocity_tracking-SAC-MPC-20260519-082448-percentage-25pct-seed280-env256-drsysid_dyn20_mjlab	logs/quadruped_domain_rand_mpc_dr_sysid_dyn20_mjlab_10k_LPF/SAC-MPC-sysid_dyn20_mjlab/quadruped-velocity_tracking-SAC-MPC-20260519-082448-percentage-25pct-seed280-env256-drsysid_dyn20_mjlab/checkpoints/model_900000_steps.zip	logs/quadruped_domain_rand_mpc_dr_sysid_dyn20_mjlab_10k_LPF/SAC-MPC-sysid_dyn20_mjlab/quadruped-velocity_tracking-SAC-MPC-20260519-082448-percentage-25pct-seed280-env256-drsysid_dyn20_mjlab/checkpoints/model_vecnormalize_900000_steps.pkl	deploy/robots/go2/config/policy/velocity/policies/20260519-082448_seed280_25pct_env256_900k	config/policy/velocity/policies/20260519-082448_seed280_25pct_env256_900k	./go2_ctrl --network=enp130s0 --policy_dir=config/policy/velocity/policies/20260519-082448_seed280_25pct_env256_900k
20260519-084313_seed800_25pct_env256_final	final	exported	logs/quadruped_domain_rand_mpc_dr_sysid_dyn20_mjlab_10k_LPF/SAC-MPC-sysid_dyn20_mjlab/quadruped-velocity_tracking-SAC-MPC-20260519-084313-percentage-25pct-seed800-env256-drsysid_dyn20_mjlab	logs/quadruped_domain_rand_mpc_dr_sysid_dyn20_mjlab_10k_LPF/SAC-MPC-sysid_dyn20_mjlab/quadruped-velocity_tracking-SAC-MPC-20260519-084313-percentage-25pct-seed800-env256-drsysid_dyn20_mjlab/final_model.zip	logs/quadruped_domain_rand_mpc_dr_sysid_dyn20_mjlab_10k_LPF/SAC-MPC-sysid_dyn20_mjlab/quadruped-velocity_tracking-SAC-MPC-20260519-084313-percentage-25pct-seed800-env256-drsysid_dyn20_mjlab/vec_normalize.pkl	deploy/robots/go2/config/policy/velocity/policies/20260519-084313_seed800_25pct_env256_final	config/policy/velocity/policies/20260519-084313_seed800_25pct_env256_final	./go2_ctrl --network=enp130s0 --policy_dir=config/policy/velocity/policies/20260519-084313_seed800_25pct_env256_final
20260519-084313_seed800_25pct_env256_900k	900k	exported	logs/quadruped_domain_rand_mpc_dr_sysid_dyn20_mjlab_10k_LPF/SAC-MPC-sysid_dyn20_mjlab/quadruped-velocity_tracking-SAC-MPC-20260519-084313-percentage-25pct-seed800-env256-drsysid_dyn20_mjlab	logs/quadruped_domain_rand_mpc_dr_sysid_dyn20_mjlab_10k_LPF/SAC-MPC-sysid_dyn20_mjlab/quadruped-velocity_tracking-SAC-MPC-20260519-084313-percentage-25pct-seed800-env256-drsysid_dyn20_mjlab/checkpoints/model_900000_steps.zip	logs/quadruped_domain_rand_mpc_dr_sysid_dyn20_mjlab_10k_LPF/SAC-MPC-sysid_dyn20_mjlab/quadruped-velocity_tracking-SAC-MPC-20260519-084313-percentage-25pct-seed800-env256-drsysid_dyn20_mjlab/checkpoints/model_vecnormalize_900000_steps.pkl	deploy/robots/go2/config/policy/velocity/policies/20260519-084313_seed800_25pct_env256_900k	config/policy/velocity/policies/20260519-084313_seed800_25pct_env256_900k	./go2_ctrl --network=enp130s0 --policy_dir=config/policy/velocity/policies/20260519-084313_seed800_25pct_env256_900k
20260519-110242_seed290_25pct_env256_final	final	exported	logs/quadruped_domain_rand_mpc_dr_sysid_dyn20_mjlab_10k_LPF/SAC-MPC-sysid_dyn20_mjlab/quadruped-velocity_tracking-SAC-MPC-20260519-110242-percentage-25pct-seed290-env256-drsysid_dyn20_mjlab	logs/quadruped_domain_rand_mpc_dr_sysid_dyn20_mjlab_10k_LPF/SAC-MPC-sysid_dyn20_mjlab/quadruped-velocity_tracking-SAC-MPC-20260519-110242-percentage-25pct-seed290-env256-drsysid_dyn20_mjlab/final_model.zip	logs/quadruped_domain_rand_mpc_dr_sysid_dyn20_mjlab_10k_LPF/SAC-MPC-sysid_dyn20_mjlab/quadruped-velocity_tracking-SAC-MPC-20260519-110242-percentage-25pct-seed290-env256-drsysid_dyn20_mjlab/vec_normalize.pkl	deploy/robots/go2/config/policy/velocity/policies/20260519-110242_seed290_25pct_env256_final	config/policy/velocity/policies/20260519-110242_seed290_25pct_env256_final	./go2_ctrl --network=enp130s0 --policy_dir=config/policy/velocity/policies/20260519-110242_seed290_25pct_env256_final
20260519-110242_seed290_25pct_env256_900k	900k	exported	logs/quadruped_domain_rand_mpc_dr_sysid_dyn20_mjlab_10k_LPF/SAC-MPC-sysid_dyn20_mjlab/quadruped-velocity_tracking-SAC-MPC-20260519-110242-percentage-25pct-seed290-env256-drsysid_dyn20_mjlab	logs/quadruped_domain_rand_mpc_dr_sysid_dyn20_mjlab_10k_LPF/SAC-MPC-sysid_dyn20_mjlab/quadruped-velocity_tracking-SAC-MPC-20260519-110242-percentage-25pct-seed290-env256-drsysid_dyn20_mjlab/checkpoints/model_900000_steps.zip	logs/quadruped_domain_rand_mpc_dr_sysid_dyn20_mjlab_10k_LPF/SAC-MPC-sysid_dyn20_mjlab/quadruped-velocity_tracking-SAC-MPC-20260519-110242-percentage-25pct-seed290-env256-drsysid_dyn20_mjlab/checkpoints/model_vecnormalize_900000_steps.pkl	deploy/robots/go2/config/policy/velocity/policies/20260519-110242_seed290_25pct_env256_900k	config/policy/velocity/policies/20260519-110242_seed290_25pct_env256_900k	./go2_ctrl --network=enp130s0 --policy_dir=config/policy/velocity/policies/20260519-110242_seed290_25pct_env256_900k
20260519-112148_seed900_25pct_env256_final	final	exported	logs/quadruped_domain_rand_mpc_dr_sysid_dyn20_mjlab_10k_LPF/SAC-MPC-sysid_dyn20_mjlab/quadruped-velocity_tracking-SAC-MPC-20260519-112148-percentage-25pct-seed900-env256-drsysid_dyn20_mjlab	logs/quadruped_domain_rand_mpc_dr_sysid_dyn20_mjlab_10k_LPF/SAC-MPC-sysid_dyn20_mjlab/quadruped-velocity_tracking-SAC-MPC-20260519-112148-percentage-25pct-seed900-env256-drsysid_dyn20_mjlab/final_model.zip	logs/quadruped_domain_rand_mpc_dr_sysid_dyn20_mjlab_10k_LPF/SAC-MPC-sysid_dyn20_mjlab/quadruped-velocity_tracking-SAC-MPC-20260519-112148-percentage-25pct-seed900-env256-drsysid_dyn20_mjlab/vec_normalize.pkl	deploy/robots/go2/config/policy/velocity/policies/20260519-112148_seed900_25pct_env256_final	config/policy/velocity/policies/20260519-112148_seed900_25pct_env256_final	./go2_ctrl --network=enp130s0 --policy_dir=config/policy/velocity/policies/20260519-112148_seed900_25pct_env256_final
20260519-112148_seed900_25pct_env256_900k	900k	exported	logs/quadruped_domain_rand_mpc_dr_sysid_dyn20_mjlab_10k_LPF/SAC-MPC-sysid_dyn20_mjlab/quadruped-velocity_tracking-SAC-MPC-20260519-112148-percentage-25pct-seed900-env256-drsysid_dyn20_mjlab	logs/quadruped_domain_rand_mpc_dr_sysid_dyn20_mjlab_10k_LPF/SAC-MPC-sysid_dyn20_mjlab/quadruped-velocity_tracking-SAC-MPC-20260519-112148-percentage-25pct-seed900-env256-drsysid_dyn20_mjlab/checkpoints/model_900000_steps.zip	logs/quadruped_domain_rand_mpc_dr_sysid_dyn20_mjlab_10k_LPF/SAC-MPC-sysid_dyn20_mjlab/quadruped-velocity_tracking-SAC-MPC-20260519-112148-percentage-25pct-seed900-env256-drsysid_dyn20_mjlab/checkpoints/model_vecnormalize_900000_steps.pkl	deploy/robots/go2/config/policy/velocity/policies/20260519-112148_seed900_25pct_env256_900k	config/policy/velocity/policies/20260519-112148_seed900_25pct_env256_900k	./go2_ctrl --network=enp130s0 --policy_dir=config/policy/velocity/policies/20260519-112148_seed900_25pct_env256_900k
20260519-134202_seed310_25pct_env256_final	final	exported	logs/quadruped_domain_rand_mpc_dr_sysid_dyn20_mjlab_10k_LPF/SAC-MPC-sysid_dyn20_mjlab/quadruped-velocity_tracking-SAC-MPC-20260519-134202-percentage-25pct-seed310-env256-drsysid_dyn20_mjlab	logs/quadruped_domain_rand_mpc_dr_sysid_dyn20_mjlab_10k_LPF/SAC-MPC-sysid_dyn20_mjlab/quadruped-velocity_tracking-SAC-MPC-20260519-134202-percentage-25pct-seed310-env256-drsysid_dyn20_mjlab/final_model.zip	logs/quadruped_domain_rand_mpc_dr_sysid_dyn20_mjlab_10k_LPF/SAC-MPC-sysid_dyn20_mjlab/quadruped-velocity_tracking-SAC-MPC-20260519-134202-percentage-25pct-seed310-env256-drsysid_dyn20_mjlab/vec_normalize.pkl	deploy/robots/go2/config/policy/velocity/policies/20260519-134202_seed310_25pct_env256_final	config/policy/velocity/policies/20260519-134202_seed310_25pct_env256_final	./go2_ctrl --network=enp130s0 --policy_dir=config/policy/velocity/policies/20260519-134202_seed310_25pct_env256_final
20260519-134202_seed310_25pct_env256_900k	900k	exported	logs/quadruped_domain_rand_mpc_dr_sysid_dyn20_mjlab_10k_LPF/SAC-MPC-sysid_dyn20_mjlab/quadruped-velocity_tracking-SAC-MPC-20260519-134202-percentage-25pct-seed310-env256-drsysid_dyn20_mjlab	logs/quadruped_domain_rand_mpc_dr_sysid_dyn20_mjlab_10k_LPF/SAC-MPC-sysid_dyn20_mjlab/quadruped-velocity_tracking-SAC-MPC-20260519-134202-percentage-25pct-seed310-env256-drsysid_dyn20_mjlab/checkpoints/model_900000_steps.zip	logs/quadruped_domain_rand_mpc_dr_sysid_dyn20_mjlab_10k_LPF/SAC-MPC-sysid_dyn20_mjlab/quadruped-velocity_tracking-SAC-MPC-20260519-134202-percentage-25pct-seed310-env256-drsysid_dyn20_mjlab/checkpoints/model_vecnormalize_900000_steps.pkl	deploy/robots/go2/config/policy/velocity/policies/20260519-134202_seed310_25pct_env256_900k	config/policy/velocity/policies/20260519-134202_seed310_25pct_env256_900k	./go2_ctrl --network=enp130s0 --policy_dir=config/policy/velocity/policies/20260519-134202_seed310_25pct_env256_900k
20260519-135713_seed999_25pct_env256_final	final	exported	logs/quadruped_domain_rand_mpc_dr_sysid_dyn20_mjlab_10k_LPF/SAC-MPC-sysid_dyn20_mjlab/quadruped-velocity_tracking-SAC-MPC-20260519-135713-percentage-25pct-seed999-env256-drsysid_dyn20_mjlab	logs/quadruped_domain_rand_mpc_dr_sysid_dyn20_mjlab_10k_LPF/SAC-MPC-sysid_dyn20_mjlab/quadruped-velocity_tracking-SAC-MPC-20260519-135713-percentage-25pct-seed999-env256-drsysid_dyn20_mjlab/final_model.zip	logs/quadruped_domain_rand_mpc_dr_sysid_dyn20_mjlab_10k_LPF/SAC-MPC-sysid_dyn20_mjlab/quadruped-velocity_tracking-SAC-MPC-20260519-135713-percentage-25pct-seed999-env256-drsysid_dyn20_mjlab/vec_normalize.pkl	deploy/robots/go2/config/policy/velocity/policies/20260519-135713_seed999_25pct_env256_final	config/policy/velocity/policies/20260519-135713_seed999_25pct_env256_final	./go2_ctrl --network=enp130s0 --policy_dir=config/policy/velocity/policies/20260519-135713_seed999_25pct_env256_final
20260519-135713_seed999_25pct_env256_900k	900k	exported	logs/quadruped_domain_rand_mpc_dr_sysid_dyn20_mjlab_10k_LPF/SAC-MPC-sysid_dyn20_mjlab/quadruped-velocity_tracking-SAC-MPC-20260519-135713-percentage-25pct-seed999-env256-drsysid_dyn20_mjlab	logs/quadruped_domain_rand_mpc_dr_sysid_dyn20_mjlab_10k_LPF/SAC-MPC-sysid_dyn20_mjlab/quadruped-velocity_tracking-SAC-MPC-20260519-135713-percentage-25pct-seed999-env256-drsysid_dyn20_mjlab/checkpoints/model_900000_steps.zip	logs/quadruped_domain_rand_mpc_dr_sysid_dyn20_mjlab_10k_LPF/SAC-MPC-sysid_dyn20_mjlab/quadruped-velocity_tracking-SAC-MPC-20260519-135713-percentage-25pct-seed999-env256-drsysid_dyn20_mjlab/checkpoints/model_vecnormalize_900000_steps.pkl	deploy/robots/go2/config/policy/velocity/policies/20260519-135713_seed999_25pct_env256_900k	config/policy/velocity/policies/20260519-135713_seed999_25pct_env256_900k	./go2_ctrl --network=enp130s0 --policy_dir=config/policy/velocity/policies/20260519-135713_seed999_25pct_env256_900k
20260519-165923_seed102_25pct_env256_final	final	exported	logs/quadruped_domain_rand_mpc_dr_sysid_dyn20_mjlab_10k_LPF/SAC-MPC-sysid_dyn20_mjlab/quadruped-velocity_tracking-SAC-MPC-20260519-165923-percentage-25pct-seed102-env256-drsysid_dyn20_mjlab	logs/quadruped_domain_rand_mpc_dr_sysid_dyn20_mjlab_10k_LPF/SAC-MPC-sysid_dyn20_mjlab/quadruped-velocity_tracking-SAC-MPC-20260519-165923-percentage-25pct-seed102-env256-drsysid_dyn20_mjlab/final_model.zip	logs/quadruped_domain_rand_mpc_dr_sysid_dyn20_mjlab_10k_LPF/SAC-MPC-sysid_dyn20_mjlab/quadruped-velocity_tracking-SAC-MPC-20260519-165923-percentage-25pct-seed102-env256-drsysid_dyn20_mjlab/vec_normalize.pkl	deploy/robots/go2/config/policy/velocity/policies/20260519-165923_seed102_25pct_env256_final	config/policy/velocity/policies/20260519-165923_seed102_25pct_env256_final	./go2_ctrl --network=enp130s0 --policy_dir=config/policy/velocity/policies/20260519-165923_seed102_25pct_env256_final
20260519-165923_seed102_25pct_env256_900k	900k	exported	logs/quadruped_domain_rand_mpc_dr_sysid_dyn20_mjlab_10k_LPF/SAC-MPC-sysid_dyn20_mjlab/quadruped-velocity_tracking-SAC-MPC-20260519-165923-percentage-25pct-seed102-env256-drsysid_dyn20_mjlab	logs/quadruped_domain_rand_mpc_dr_sysid_dyn20_mjlab_10k_LPF/SAC-MPC-sysid_dyn20_mjlab/quadruped-velocity_tracking-SAC-MPC-20260519-165923-percentage-25pct-seed102-env256-drsysid_dyn20_mjlab/checkpoints/model_900000_steps.zip	logs/quadruped_domain_rand_mpc_dr_sysid_dyn20_mjlab_10k_LPF/SAC-MPC-sysid_dyn20_mjlab/quadruped-velocity_tracking-SAC-MPC-20260519-165923-percentage-25pct-seed102-env256-drsysid_dyn20_mjlab/checkpoints/model_vecnormalize_900000_steps.pkl	deploy/robots/go2/config/policy/velocity/policies/20260519-165923_seed102_25pct_env256_900k	config/policy/velocity/policies/20260519-165923_seed102_25pct_env256_900k	./go2_ctrl --network=enp130s0 --policy_dir=config/policy/velocity/policies/20260519-165923_seed102_25pct_env256_900k
20260519-172018_seed211_25pct_env256_final	final	exported	logs/quadruped_domain_rand_mpc_dr_sysid_dyn20_mjlab_10k_LPF/SAC-MPC-sysid_dyn20_mjlab/quadruped-velocity_tracking-SAC-MPC-20260519-172018-percentage-25pct-seed211-env256-drsysid_dyn20_mjlab	logs/quadruped_domain_rand_mpc_dr_sysid_dyn20_mjlab_10k_LPF/SAC-MPC-sysid_dyn20_mjlab/quadruped-velocity_tracking-SAC-MPC-20260519-172018-percentage-25pct-seed211-env256-drsysid_dyn20_mjlab/final_model.zip	logs/quadruped_domain_rand_mpc_dr_sysid_dyn20_mjlab_10k_LPF/SAC-MPC-sysid_dyn20_mjlab/quadruped-velocity_tracking-SAC-MPC-20260519-172018-percentage-25pct-seed211-env256-drsysid_dyn20_mjlab/vec_normalize.pkl	deploy/robots/go2/config/policy/velocity/policies/20260519-172018_seed211_25pct_env256_final	config/policy/velocity/policies/20260519-172018_seed211_25pct_env256_final	./go2_ctrl --network=enp130s0 --policy_dir=config/policy/velocity/policies/20260519-172018_seed211_25pct_env256_final
20260519-172018_seed211_25pct_env256_900k	900k	exported	logs/quadruped_domain_rand_mpc_dr_sysid_dyn20_mjlab_10k_LPF/SAC-MPC-sysid_dyn20_mjlab/quadruped-velocity_tracking-SAC-MPC-20260519-172018-percentage-25pct-seed211-env256-drsysid_dyn20_mjlab	logs/quadruped_domain_rand_mpc_dr_sysid_dyn20_mjlab_10k_LPF/SAC-MPC-sysid_dyn20_mjlab/quadruped-velocity_tracking-SAC-MPC-20260519-172018-percentage-25pct-seed211-env256-drsysid_dyn20_mjlab/checkpoints/model_900000_steps.zip	logs/quadruped_domain_rand_mpc_dr_sysid_dyn20_mjlab_10k_LPF/SAC-MPC-sysid_dyn20_mjlab/quadruped-velocity_tracking-SAC-MPC-20260519-172018-percentage-25pct-seed211-env256-drsysid_dyn20_mjlab/checkpoints/model_vecnormalize_900000_steps.pkl	deploy/robots/go2/config/policy/velocity/policies/20260519-172018_seed211_25pct_env256_900k	config/policy/velocity/policies/20260519-172018_seed211_25pct_env256_900k	./go2_ctrl --network=enp130s0 --policy_dir=config/policy/velocity/policies/20260519-172018_seed211_25pct_env256_900k
20260519-202618_seed102_25pct_env256_final	final	exported	logs/quadruped_domain_rand_mpc_dr_sysid_dyn20_mjlab_10k_LPF/SAC-MPC-sysid_dyn20_mjlab/quadruped-velocity_tracking-SAC-MPC-20260519-202618-percentage-25pct-seed102-env256-drsysid_dyn20_mjlab	logs/quadruped_domain_rand_mpc_dr_sysid_dyn20_mjlab_10k_LPF/SAC-MPC-sysid_dyn20_mjlab/quadruped-velocity_tracking-SAC-MPC-20260519-202618-percentage-25pct-seed102-env256-drsysid_dyn20_mjlab/final_model.zip	logs/quadruped_domain_rand_mpc_dr_sysid_dyn20_mjlab_10k_LPF/SAC-MPC-sysid_dyn20_mjlab/quadruped-velocity_tracking-SAC-MPC-20260519-202618-percentage-25pct-seed102-env256-drsysid_dyn20_mjlab/vec_normalize.pkl	deploy/robots/go2/config/policy/velocity/policies/20260519-202618_seed102_25pct_env256_final	config/policy/velocity/policies/20260519-202618_seed102_25pct_env256_final	./go2_ctrl --network=enp130s0 --policy_dir=config/policy/velocity/policies/20260519-202618_seed102_25pct_env256_final
20260519-202618_seed102_25pct_env256_900k	900k	exported	logs/quadruped_domain_rand_mpc_dr_sysid_dyn20_mjlab_10k_LPF/SAC-MPC-sysid_dyn20_mjlab/quadruped-velocity_tracking-SAC-MPC-20260519-202618-percentage-25pct-seed102-env256-drsysid_dyn20_mjlab	logs/quadruped_domain_rand_mpc_dr_sysid_dyn20_mjlab_10k_LPF/SAC-MPC-sysid_dyn20_mjlab/quadruped-velocity_tracking-SAC-MPC-20260519-202618-percentage-25pct-seed102-env256-drsysid_dyn20_mjlab/checkpoints/model_900000_steps.zip	logs/quadruped_domain_rand_mpc_dr_sysid_dyn20_mjlab_10k_LPF/SAC-MPC-sysid_dyn20_mjlab/quadruped-velocity_tracking-SAC-MPC-20260519-202618-percentage-25pct-seed102-env256-drsysid_dyn20_mjlab/checkpoints/model_vecnormalize_900000_steps.pkl	deploy/robots/go2/config/policy/velocity/policies/20260519-202618_seed102_25pct_env256_900k	config/policy/velocity/policies/20260519-202618_seed102_25pct_env256_900k	./go2_ctrl --network=enp130s0 --policy_dir=config/policy/velocity/policies/20260519-202618_seed102_25pct_env256_900k
20260519-204808_seed211_25pct_env256_final	final	exported	logs/quadruped_domain_rand_mpc_dr_sysid_dyn20_mjlab_10k_LPF/SAC-MPC-sysid_dyn20_mjlab/quadruped-velocity_tracking-SAC-MPC-20260519-204808-percentage-25pct-seed211-env256-drsysid_dyn20_mjlab	logs/quadruped_domain_rand_mpc_dr_sysid_dyn20_mjlab_10k_LPF/SAC-MPC-sysid_dyn20_mjlab/quadruped-velocity_tracking-SAC-MPC-20260519-204808-percentage-25pct-seed211-env256-drsysid_dyn20_mjlab/final_model.zip	logs/quadruped_domain_rand_mpc_dr_sysid_dyn20_mjlab_10k_LPF/SAC-MPC-sysid_dyn20_mjlab/quadruped-velocity_tracking-SAC-MPC-20260519-204808-percentage-25pct-seed211-env256-drsysid_dyn20_mjlab/vec_normalize.pkl	deploy/robots/go2/config/policy/velocity/policies/20260519-204808_seed211_25pct_env256_final	config/policy/velocity/policies/20260519-204808_seed211_25pct_env256_final	./go2_ctrl --network=enp130s0 --policy_dir=config/policy/velocity/policies/20260519-204808_seed211_25pct_env256_final
20260519-204808_seed211_25pct_env256_900k	900k	exported	logs/quadruped_domain_rand_mpc_dr_sysid_dyn20_mjlab_10k_LPF/SAC-MPC-sysid_dyn20_mjlab/quadruped-velocity_tracking-SAC-MPC-20260519-204808-percentage-25pct-seed211-env256-drsysid_dyn20_mjlab	logs/quadruped_domain_rand_mpc_dr_sysid_dyn20_mjlab_10k_LPF/SAC-MPC-sysid_dyn20_mjlab/quadruped-velocity_tracking-SAC-MPC-20260519-204808-percentage-25pct-seed211-env256-drsysid_dyn20_mjlab/checkpoints/model_900000_steps.zip	logs/quadruped_domain_rand_mpc_dr_sysid_dyn20_mjlab_10k_LPF/SAC-MPC-sysid_dyn20_mjlab/quadruped-velocity_tracking-SAC-MPC-20260519-204808-percentage-25pct-seed211-env256-drsysid_dyn20_mjlab/checkpoints/model_vecnormalize_900000_steps.pkl	deploy/robots/go2/config/policy/velocity/policies/20260519-204808_seed211_25pct_env256_900k	config/policy/velocity/policies/20260519-204808_seed211_25pct_env256_900k	./go2_ctrl --network=enp130s0 --policy_dir=config/policy/velocity/policies/20260519-204808_seed211_25pct_env256_900k
20260519-231754_seed221_25pct_env256_final	final	exported	logs/quadruped_domain_rand_mpc_dr_sysid_dyn20_mjlab_10k_LPF/SAC-MPC-sysid_dyn20_mjlab/quadruped-velocity_tracking-SAC-MPC-20260519-231754-percentage-25pct-seed221-env256-drsysid_dyn20_mjlab	logs/quadruped_domain_rand_mpc_dr_sysid_dyn20_mjlab_10k_LPF/SAC-MPC-sysid_dyn20_mjlab/quadruped-velocity_tracking-SAC-MPC-20260519-231754-percentage-25pct-seed221-env256-drsysid_dyn20_mjlab/final_model.zip	logs/quadruped_domain_rand_mpc_dr_sysid_dyn20_mjlab_10k_LPF/SAC-MPC-sysid_dyn20_mjlab/quadruped-velocity_tracking-SAC-MPC-20260519-231754-percentage-25pct-seed221-env256-drsysid_dyn20_mjlab/vec_normalize.pkl	deploy/robots/go2/config/policy/velocity/policies/20260519-231754_seed221_25pct_env256_final	config/policy/velocity/policies/20260519-231754_seed221_25pct_env256_final	./go2_ctrl --network=enp130s0 --policy_dir=config/policy/velocity/policies/20260519-231754_seed221_25pct_env256_final
20260519-231754_seed221_25pct_env256_900k	900k	exported	logs/quadruped_domain_rand_mpc_dr_sysid_dyn20_mjlab_10k_LPF/SAC-MPC-sysid_dyn20_mjlab/quadruped-velocity_tracking-SAC-MPC-20260519-231754-percentage-25pct-seed221-env256-drsysid_dyn20_mjlab	logs/quadruped_domain_rand_mpc_dr_sysid_dyn20_mjlab_10k_LPF/SAC-MPC-sysid_dyn20_mjlab/quadruped-velocity_tracking-SAC-MPC-20260519-231754-percentage-25pct-seed221-env256-drsysid_dyn20_mjlab/checkpoints/model_900000_steps.zip	logs/quadruped_domain_rand_mpc_dr_sysid_dyn20_mjlab_10k_LPF/SAC-MPC-sysid_dyn20_mjlab/quadruped-velocity_tracking-SAC-MPC-20260519-231754-percentage-25pct-seed221-env256-drsysid_dyn20_mjlab/checkpoints/model_vecnormalize_900000_steps.pkl	deploy/robots/go2/config/policy/velocity/policies/20260519-231754_seed221_25pct_env256_900k	config/policy/velocity/policies/20260519-231754_seed221_25pct_env256_900k	./go2_ctrl --network=enp130s0 --policy_dir=config/policy/velocity/policies/20260519-231754_seed221_25pct_env256_900k
20260519-234151_seed302_25pct_env256_final	final	exported	logs/quadruped_domain_rand_mpc_dr_sysid_dyn20_mjlab_10k_LPF/SAC-MPC-sysid_dyn20_mjlab/quadruped-velocity_tracking-SAC-MPC-20260519-234151-percentage-25pct-seed302-env256-drsysid_dyn20_mjlab	logs/quadruped_domain_rand_mpc_dr_sysid_dyn20_mjlab_10k_LPF/SAC-MPC-sysid_dyn20_mjlab/quadruped-velocity_tracking-SAC-MPC-20260519-234151-percentage-25pct-seed302-env256-drsysid_dyn20_mjlab/final_model.zip	logs/quadruped_domain_rand_mpc_dr_sysid_dyn20_mjlab_10k_LPF/SAC-MPC-sysid_dyn20_mjlab/quadruped-velocity_tracking-SAC-MPC-20260519-234151-percentage-25pct-seed302-env256-drsysid_dyn20_mjlab/vec_normalize.pkl	deploy/robots/go2/config/policy/velocity/policies/20260519-234151_seed302_25pct_env256_final	config/policy/velocity/policies/20260519-234151_seed302_25pct_env256_final	./go2_ctrl --network=enp130s0 --policy_dir=config/policy/velocity/policies/20260519-234151_seed302_25pct_env256_final
20260519-234151_seed302_25pct_env256_900k	900k	exported	logs/quadruped_domain_rand_mpc_dr_sysid_dyn20_mjlab_10k_LPF/SAC-MPC-sysid_dyn20_mjlab/quadruped-velocity_tracking-SAC-MPC-20260519-234151-percentage-25pct-seed302-env256-drsysid_dyn20_mjlab	logs/quadruped_domain_rand_mpc_dr_sysid_dyn20_mjlab_10k_LPF/SAC-MPC-sysid_dyn20_mjlab/quadruped-velocity_tracking-SAC-MPC-20260519-234151-percentage-25pct-seed302-env256-drsysid_dyn20_mjlab/checkpoints/model_900000_steps.zip	logs/quadruped_domain_rand_mpc_dr_sysid_dyn20_mjlab_10k_LPF/SAC-MPC-sysid_dyn20_mjlab/quadruped-velocity_tracking-SAC-MPC-20260519-234151-percentage-25pct-seed302-env256-drsysid_dyn20_mjlab/checkpoints/model_vecnormalize_900000_steps.pkl	deploy/robots/go2/config/policy/velocity/policies/20260519-234151_seed302_25pct_env256_900k	config/policy/velocity/policies/20260519-234151_seed302_25pct_env256_900k	./go2_ctrl --network=enp130s0 --policy_dir=config/policy/velocity/policies/20260519-234151_seed302_25pct_env256_900k
20260520-014719_seed231_25pct_env256_final	final	exported	logs/quadruped_domain_rand_mpc_dr_sysid_dyn20_mjlab_10k_LPF/SAC-MPC-sysid_dyn20_mjlab/quadruped-velocity_tracking-SAC-MPC-20260520-014719-percentage-25pct-seed231-env256-drsysid_dyn20_mjlab	logs/quadruped_domain_rand_mpc_dr_sysid_dyn20_mjlab_10k_LPF/SAC-MPC-sysid_dyn20_mjlab/quadruped-velocity_tracking-SAC-MPC-20260520-014719-percentage-25pct-seed231-env256-drsysid_dyn20_mjlab/final_model.zip	logs/quadruped_domain_rand_mpc_dr_sysid_dyn20_mjlab_10k_LPF/SAC-MPC-sysid_dyn20_mjlab/quadruped-velocity_tracking-SAC-MPC-20260520-014719-percentage-25pct-seed231-env256-drsysid_dyn20_mjlab/vec_normalize.pkl	deploy/robots/go2/config/policy/velocity/policies/20260520-014719_seed231_25pct_env256_final	config/policy/velocity/policies/20260520-014719_seed231_25pct_env256_final	./go2_ctrl --network=enp130s0 --policy_dir=config/policy/velocity/policies/20260520-014719_seed231_25pct_env256_final
20260520-014719_seed231_25pct_env256_900k	900k	exported	logs/quadruped_domain_rand_mpc_dr_sysid_dyn20_mjlab_10k_LPF/SAC-MPC-sysid_dyn20_mjlab/quadruped-velocity_tracking-SAC-MPC-20260520-014719-percentage-25pct-seed231-env256-drsysid_dyn20_mjlab	logs/quadruped_domain_rand_mpc_dr_sysid_dyn20_mjlab_10k_LPF/SAC-MPC-sysid_dyn20_mjlab/quadruped-velocity_tracking-SAC-MPC-20260520-014719-percentage-25pct-seed231-env256-drsysid_dyn20_mjlab/checkpoints/model_900000_steps.zip	logs/quadruped_domain_rand_mpc_dr_sysid_dyn20_mjlab_10k_LPF/SAC-MPC-sysid_dyn20_mjlab/quadruped-velocity_tracking-SAC-MPC-20260520-014719-percentage-25pct-seed231-env256-drsysid_dyn20_mjlab/checkpoints/model_vecnormalize_900000_steps.pkl	deploy/robots/go2/config/policy/velocity/policies/20260520-014719_seed231_25pct_env256_900k	config/policy/velocity/policies/20260520-014719_seed231_25pct_env256_900k	./go2_ctrl --network=enp130s0 --policy_dir=config/policy/velocity/policies/20260520-014719_seed231_25pct_env256_900k
20260520-021848_seed402_25pct_env256_final	final	exported	logs/quadruped_domain_rand_mpc_dr_sysid_dyn20_mjlab_10k_LPF/SAC-MPC-sysid_dyn20_mjlab/quadruped-velocity_tracking-SAC-MPC-20260520-021848-percentage-25pct-seed402-env256-drsysid_dyn20_mjlab	logs/quadruped_domain_rand_mpc_dr_sysid_dyn20_mjlab_10k_LPF/SAC-MPC-sysid_dyn20_mjlab/quadruped-velocity_tracking-SAC-MPC-20260520-021848-percentage-25pct-seed402-env256-drsysid_dyn20_mjlab/final_model.zip	logs/quadruped_domain_rand_mpc_dr_sysid_dyn20_mjlab_10k_LPF/SAC-MPC-sysid_dyn20_mjlab/quadruped-velocity_tracking-SAC-MPC-20260520-021848-percentage-25pct-seed402-env256-drsysid_dyn20_mjlab/vec_normalize.pkl	deploy/robots/go2/config/policy/velocity/policies/20260520-021848_seed402_25pct_env256_final	config/policy/velocity/policies/20260520-021848_seed402_25pct_env256_final	./go2_ctrl --network=enp130s0 --policy_dir=config/policy/velocity/policies/20260520-021848_seed402_25pct_env256_final
20260520-021848_seed402_25pct_env256_900k	900k	exported	logs/quadruped_domain_rand_mpc_dr_sysid_dyn20_mjlab_10k_LPF/SAC-MPC-sysid_dyn20_mjlab/quadruped-velocity_tracking-SAC-MPC-20260520-021848-percentage-25pct-seed402-env256-drsysid_dyn20_mjlab	logs/quadruped_domain_rand_mpc_dr_sysid_dyn20_mjlab_10k_LPF/SAC-MPC-sysid_dyn20_mjlab/quadruped-velocity_tracking-SAC-MPC-20260520-021848-percentage-25pct-seed402-env256-drsysid_dyn20_mjlab/checkpoints/model_900000_steps.zip	logs/quadruped_domain_rand_mpc_dr_sysid_dyn20_mjlab_10k_LPF/SAC-MPC-sysid_dyn20_mjlab/quadruped-velocity_tracking-SAC-MPC-20260520-021848-percentage-25pct-seed402-env256-drsysid_dyn20_mjlab/checkpoints/model_vecnormalize_900000_steps.pkl	deploy/robots/go2/config/policy/velocity/policies/20260520-021848_seed402_25pct_env256_900k	config/policy/velocity/policies/20260520-021848_seed402_25pct_env256_900k	./go2_ctrl --network=enp130s0 --policy_dir=config/policy/velocity/policies/20260520-021848_seed402_25pct_env256_900k
20260520-042103_seed241_25pct_env256_final	final	exported	logs/quadruped_domain_rand_mpc_dr_sysid_dyn20_mjlab_10k_LPF/SAC-MPC-sysid_dyn20_mjlab/quadruped-velocity_tracking-SAC-MPC-20260520-042103-percentage-25pct-seed241-env256-drsysid_dyn20_mjlab	logs/quadruped_domain_rand_mpc_dr_sysid_dyn20_mjlab_10k_LPF/SAC-MPC-sysid_dyn20_mjlab/quadruped-velocity_tracking-SAC-MPC-20260520-042103-percentage-25pct-seed241-env256-drsysid_dyn20_mjlab/final_model.zip	logs/quadruped_domain_rand_mpc_dr_sysid_dyn20_mjlab_10k_LPF/SAC-MPC-sysid_dyn20_mjlab/quadruped-velocity_tracking-SAC-MPC-20260520-042103-percentage-25pct-seed241-env256-drsysid_dyn20_mjlab/vec_normalize.pkl	deploy/robots/go2/config/policy/velocity/policies/20260520-042103_seed241_25pct_env256_final	config/policy/velocity/policies/20260520-042103_seed241_25pct_env256_final	./go2_ctrl --network=enp130s0 --policy_dir=config/policy/velocity/policies/20260520-042103_seed241_25pct_env256_final
20260520-042103_seed241_25pct_env256_900k	900k	exported	logs/quadruped_domain_rand_mpc_dr_sysid_dyn20_mjlab_10k_LPF/SAC-MPC-sysid_dyn20_mjlab/quadruped-velocity_tracking-SAC-MPC-20260520-042103-percentage-25pct-seed241-env256-drsysid_dyn20_mjlab	logs/quadruped_domain_rand_mpc_dr_sysid_dyn20_mjlab_10k_LPF/SAC-MPC-sysid_dyn20_mjlab/quadruped-velocity_tracking-SAC-MPC-20260520-042103-percentage-25pct-seed241-env256-drsysid_dyn20_mjlab/checkpoints/model_900000_steps.zip	logs/quadruped_domain_rand_mpc_dr_sysid_dyn20_mjlab_10k_LPF/SAC-MPC-sysid_dyn20_mjlab/quadruped-velocity_tracking-SAC-MPC-20260520-042103-percentage-25pct-seed241-env256-drsysid_dyn20_mjlab/checkpoints/model_vecnormalize_900000_steps.pkl	deploy/robots/go2/config/policy/velocity/policies/20260520-042103_seed241_25pct_env256_900k	config/policy/velocity/policies/20260520-042103_seed241_25pct_env256_900k	./go2_ctrl --network=enp130s0 --policy_dir=config/policy/velocity/policies/20260520-042103_seed241_25pct_env256_900k
20260520-045437_seed502_25pct_env256_final	final	exported	logs/quadruped_domain_rand_mpc_dr_sysid_dyn20_mjlab_10k_LPF/SAC-MPC-sysid_dyn20_mjlab/quadruped-velocity_tracking-SAC-MPC-20260520-045437-percentage-25pct-seed502-env256-drsysid_dyn20_mjlab	logs/quadruped_domain_rand_mpc_dr_sysid_dyn20_mjlab_10k_LPF/SAC-MPC-sysid_dyn20_mjlab/quadruped-velocity_tracking-SAC-MPC-20260520-045437-percentage-25pct-seed502-env256-drsysid_dyn20_mjlab/final_model.zip	logs/quadruped_domain_rand_mpc_dr_sysid_dyn20_mjlab_10k_LPF/SAC-MPC-sysid_dyn20_mjlab/quadruped-velocity_tracking-SAC-MPC-20260520-045437-percentage-25pct-seed502-env256-drsysid_dyn20_mjlab/vec_normalize.pkl	deploy/robots/go2/config/policy/velocity/policies/20260520-045437_seed502_25pct_env256_final	config/policy/velocity/policies/20260520-045437_seed502_25pct_env256_final	./go2_ctrl --network=enp130s0 --policy_dir=config/policy/velocity/policies/20260520-045437_seed502_25pct_env256_final
20260520-045437_seed502_25pct_env256_900k	900k	exported	logs/quadruped_domain_rand_mpc_dr_sysid_dyn20_mjlab_10k_LPF/SAC-MPC-sysid_dyn20_mjlab/quadruped-velocity_tracking-SAC-MPC-20260520-045437-percentage-25pct-seed502-env256-drsysid_dyn20_mjlab	logs/quadruped_domain_rand_mpc_dr_sysid_dyn20_mjlab_10k_LPF/SAC-MPC-sysid_dyn20_mjlab/quadruped-velocity_tracking-SAC-MPC-20260520-045437-percentage-25pct-seed502-env256-drsysid_dyn20_mjlab/checkpoints/model_900000_steps.zip	logs/quadruped_domain_rand_mpc_dr_sysid_dyn20_mjlab_10k_LPF/SAC-MPC-sysid_dyn20_mjlab/quadruped-velocity_tracking-SAC-MPC-20260520-045437-percentage-25pct-seed502-env256-drsysid_dyn20_mjlab/checkpoints/model_vecnormalize_900000_steps.pkl	deploy/robots/go2/config/policy/velocity/policies/20260520-045437_seed502_25pct_env256_900k	config/policy/velocity/policies/20260520-045437_seed502_25pct_env256_900k	./go2_ctrl --network=enp130s0 --policy_dir=config/policy/velocity/policies/20260520-045437_seed502_25pct_env256_900k
20260520-065831_seed251_25pct_env256_final	final	exported	logs/quadruped_domain_rand_mpc_dr_sysid_dyn20_mjlab_10k_LPF/SAC-MPC-sysid_dyn20_mjlab/quadruped-velocity_tracking-SAC-MPC-20260520-065831-percentage-25pct-seed251-env256-drsysid_dyn20_mjlab	logs/quadruped_domain_rand_mpc_dr_sysid_dyn20_mjlab_10k_LPF/SAC-MPC-sysid_dyn20_mjlab/quadruped-velocity_tracking-SAC-MPC-20260520-065831-percentage-25pct-seed251-env256-drsysid_dyn20_mjlab/final_model.zip	logs/quadruped_domain_rand_mpc_dr_sysid_dyn20_mjlab_10k_LPF/SAC-MPC-sysid_dyn20_mjlab/quadruped-velocity_tracking-SAC-MPC-20260520-065831-percentage-25pct-seed251-env256-drsysid_dyn20_mjlab/vec_normalize.pkl	deploy/robots/go2/config/policy/velocity/policies/20260520-065831_seed251_25pct_env256_final	config/policy/velocity/policies/20260520-065831_seed251_25pct_env256_final	./go2_ctrl --network=enp130s0 --policy_dir=config/policy/velocity/policies/20260520-065831_seed251_25pct_env256_final
20260520-065831_seed251_25pct_env256_900k	900k	exported	logs/quadruped_domain_rand_mpc_dr_sysid_dyn20_mjlab_10k_LPF/SAC-MPC-sysid_dyn20_mjlab/quadruped-velocity_tracking-SAC-MPC-20260520-065831-percentage-25pct-seed251-env256-drsysid_dyn20_mjlab	logs/quadruped_domain_rand_mpc_dr_sysid_dyn20_mjlab_10k_LPF/SAC-MPC-sysid_dyn20_mjlab/quadruped-velocity_tracking-SAC-MPC-20260520-065831-percentage-25pct-seed251-env256-drsysid_dyn20_mjlab/checkpoints/model_900000_steps.zip	logs/quadruped_domain_rand_mpc_dr_sysid_dyn20_mjlab_10k_LPF/SAC-MPC-sysid_dyn20_mjlab/quadruped-velocity_tracking-SAC-MPC-20260520-065831-percentage-25pct-seed251-env256-drsysid_dyn20_mjlab/checkpoints/model_vecnormalize_900000_steps.pkl	deploy/robots/go2/config/policy/velocity/policies/20260520-065831_seed251_25pct_env256_900k	config/policy/velocity/policies/20260520-065831_seed251_25pct_env256_900k	./go2_ctrl --network=enp130s0 --policy_dir=config/policy/velocity/policies/20260520-065831_seed251_25pct_env256_900k
20260520-072801_seed602_25pct_env256_final	final	exported	logs/quadruped_domain_rand_mpc_dr_sysid_dyn20_mjlab_10k_LPF/SAC-MPC-sysid_dyn20_mjlab/quadruped-velocity_tracking-SAC-MPC-20260520-072801-percentage-25pct-seed602-env256-drsysid_dyn20_mjlab	logs/quadruped_domain_rand_mpc_dr_sysid_dyn20_mjlab_10k_LPF/SAC-MPC-sysid_dyn20_mjlab/quadruped-velocity_tracking-SAC-MPC-20260520-072801-percentage-25pct-seed602-env256-drsysid_dyn20_mjlab/final_model.zip	logs/quadruped_domain_rand_mpc_dr_sysid_dyn20_mjlab_10k_LPF/SAC-MPC-sysid_dyn20_mjlab/quadruped-velocity_tracking-SAC-MPC-20260520-072801-percentage-25pct-seed602-env256-drsysid_dyn20_mjlab/vec_normalize.pkl	deploy/robots/go2/config/policy/velocity/policies/20260520-072801_seed602_25pct_env256_final	config/policy/velocity/policies/20260520-072801_seed602_25pct_env256_final	./go2_ctrl --network=enp130s0 --policy_dir=config/policy/velocity/policies/20260520-072801_seed602_25pct_env256_final
20260520-072801_seed602_25pct_env256_900k	900k	exported	logs/quadruped_domain_rand_mpc_dr_sysid_dyn20_mjlab_10k_LPF/SAC-MPC-sysid_dyn20_mjlab/quadruped-velocity_tracking-SAC-MPC-20260520-072801-percentage-25pct-seed602-env256-drsysid_dyn20_mjlab	logs/quadruped_domain_rand_mpc_dr_sysid_dyn20_mjlab_10k_LPF/SAC-MPC-sysid_dyn20_mjlab/quadruped-velocity_tracking-SAC-MPC-20260520-072801-percentage-25pct-seed602-env256-drsysid_dyn20_mjlab/checkpoints/model_900000_steps.zip	logs/quadruped_domain_rand_mpc_dr_sysid_dyn20_mjlab_10k_LPF/SAC-MPC-sysid_dyn20_mjlab/quadruped-velocity_tracking-SAC-MPC-20260520-072801-percentage-25pct-seed602-env256-drsysid_dyn20_mjlab/checkpoints/model_vecnormalize_900000_steps.pkl	deploy/robots/go2/config/policy/velocity/policies/20260520-072801_seed602_25pct_env256_900k	config/policy/velocity/policies/20260520-072801_seed602_25pct_env256_900k	./go2_ctrl --network=enp130s0 --policy_dir=config/policy/velocity/policies/20260520-072801_seed602_25pct_env256_900k
20260520-093715_seed261_25pct_env256_final	final	exported	logs/quadruped_domain_rand_mpc_dr_sysid_dyn20_mjlab_10k_LPF/SAC-MPC-sysid_dyn20_mjlab/quadruped-velocity_tracking-SAC-MPC-20260520-093715-percentage-25pct-seed261-env256-drsysid_dyn20_mjlab	logs/quadruped_domain_rand_mpc_dr_sysid_dyn20_mjlab_10k_LPF/SAC-MPC-sysid_dyn20_mjlab/quadruped-velocity_tracking-SAC-MPC-20260520-093715-percentage-25pct-seed261-env256-drsysid_dyn20_mjlab/final_model.zip	logs/quadruped_domain_rand_mpc_dr_sysid_dyn20_mjlab_10k_LPF/SAC-MPC-sysid_dyn20_mjlab/quadruped-velocity_tracking-SAC-MPC-20260520-093715-percentage-25pct-seed261-env256-drsysid_dyn20_mjlab/vec_normalize.pkl	deploy/robots/go2/config/policy/velocity/policies/20260520-093715_seed261_25pct_env256_final	config/policy/velocity/policies/20260520-093715_seed261_25pct_env256_final	./go2_ctrl --network=enp130s0 --policy_dir=config/policy/velocity/policies/20260520-093715_seed261_25pct_env256_final
20260520-093715_seed261_25pct_env256_900k	900k	exported	logs/quadruped_domain_rand_mpc_dr_sysid_dyn20_mjlab_10k_LPF/SAC-MPC-sysid_dyn20_mjlab/quadruped-velocity_tracking-SAC-MPC-20260520-093715-percentage-25pct-seed261-env256-drsysid_dyn20_mjlab	logs/quadruped_domain_rand_mpc_dr_sysid_dyn20_mjlab_10k_LPF/SAC-MPC-sysid_dyn20_mjlab/quadruped-velocity_tracking-SAC-MPC-20260520-093715-percentage-25pct-seed261-env256-drsysid_dyn20_mjlab/checkpoints/model_900000_steps.zip	logs/quadruped_domain_rand_mpc_dr_sysid_dyn20_mjlab_10k_LPF/SAC-MPC-sysid_dyn20_mjlab/quadruped-velocity_tracking-SAC-MPC-20260520-093715-percentage-25pct-seed261-env256-drsysid_dyn20_mjlab/checkpoints/model_vecnormalize_900000_steps.pkl	deploy/robots/go2/config/policy/velocity/policies/20260520-093715_seed261_25pct_env256_900k	config/policy/velocity/policies/20260520-093715_seed261_25pct_env256_900k	./go2_ctrl --network=enp130s0 --policy_dir=config/policy/velocity/policies/20260520-093715_seed261_25pct_env256_900k
20260520-100705_seed701_25pct_env256_final	final	exported	logs/quadruped_domain_rand_mpc_dr_sysid_dyn20_mjlab_10k_LPF/SAC-MPC-sysid_dyn20_mjlab/quadruped-velocity_tracking-SAC-MPC-20260520-100705-percentage-25pct-seed701-env256-drsysid_dyn20_mjlab	logs/quadruped_domain_rand_mpc_dr_sysid_dyn20_mjlab_10k_LPF/SAC-MPC-sysid_dyn20_mjlab/quadruped-velocity_tracking-SAC-MPC-20260520-100705-percentage-25pct-seed701-env256-drsysid_dyn20_mjlab/final_model.zip	logs/quadruped_domain_rand_mpc_dr_sysid_dyn20_mjlab_10k_LPF/SAC-MPC-sysid_dyn20_mjlab/quadruped-velocity_tracking-SAC-MPC-20260520-100705-percentage-25pct-seed701-env256-drsysid_dyn20_mjlab/vec_normalize.pkl	deploy/robots/go2/config/policy/velocity/policies/20260520-100705_seed701_25pct_env256_final	config/policy/velocity/policies/20260520-100705_seed701_25pct_env256_final	./go2_ctrl --network=enp130s0 --policy_dir=config/policy/velocity/policies/20260520-100705_seed701_25pct_env256_final
20260520-100705_seed701_25pct_env256_900k	900k	exported	logs/quadruped_domain_rand_mpc_dr_sysid_dyn20_mjlab_10k_LPF/SAC-MPC-sysid_dyn20_mjlab/quadruped-velocity_tracking-SAC-MPC-20260520-100705-percentage-25pct-seed701-env256-drsysid_dyn20_mjlab	logs/quadruped_domain_rand_mpc_dr_sysid_dyn20_mjlab_10k_LPF/SAC-MPC-sysid_dyn20_mjlab/quadruped-velocity_tracking-SAC-MPC-20260520-100705-percentage-25pct-seed701-env256-drsysid_dyn20_mjlab/checkpoints/model_900000_steps.zip	logs/quadruped_domain_rand_mpc_dr_sysid_dyn20_mjlab_10k_LPF/SAC-MPC-sysid_dyn20_mjlab/quadruped-velocity_tracking-SAC-MPC-20260520-100705-percentage-25pct-seed701-env256-drsysid_dyn20_mjlab/checkpoints/model_vecnormalize_900000_steps.pkl	deploy/robots/go2/config/policy/velocity/policies/20260520-100705_seed701_25pct_env256_900k	config/policy/velocity/policies/20260520-100705_seed701_25pct_env256_900k	./go2_ctrl --network=enp130s0 --policy_dir=config/policy/velocity/policies/20260520-100705_seed701_25pct_env256_900k
